carga_kN,deflexion_medida_mm,deflexion_teorica_mm,diferencia_mm,diferencia_relativa_pct
0,0,0,0,
5,0.26,0.24999999999999994,0.010000000000000064,4.000000000000027
10,0.5,0.4999999999999999,1.1102230246251565e-16,2.2204460492503137e-14
15,0.76,0.7499999999999999,0.01000000000000012,1.3333333333333495
20,1.01,0.9999999999999998,0.010000000000000231,1.0000000000000233
25,1.28,1.2499999999999998,0.03000000000000025,2.4000000000000203
30,1.54,1.4999999999999998,0.04000000000000026,2.6666666666666843
35,1.77,1.7499999999999996,0.020000000000000462,1.1428571428571697
40,2.05,1.9999999999999996,0.050000000000000266,2.500000000000014
